environment,task,task_class,policy,seed,success,safe_success,steps,total_reward,final_distance,max_penetration,max_contact_force,mean_contact_force,unsafe_event,crashed,elapsed_sec,notes,steps_per_second
steve,BasicWireNav,branch_or_arch_navigation,random,0,False,False,150,-0.7233508393963012,,,,,False,False,7.094147527997848,"{'path_ratio': 0.07619621009040956, 'average_translation_speed': 16.29871102206409, 'trajectory_length': 182.69765077717602}",21.14418954610236
steve,BasicWireNav,branch_or_arch_navigation,random,1,False,False,150,-0.730701988610396,,,,,False,False,5.319859509996604,"{'path_ratio': 0.06061908359389323, 'average_translation_speed': 15.627498971422513, 'trajectory_length': 183.10315457731485}",28.19623332498413
steve,BasicWireNav,branch_or_arch_navigation,random,2,False,False,150,-0.7420015135840946,,,,,False,False,4.811297074018512,"{'path_ratio': 0.027676407632174715, 'average_translation_speed': 14.629002416928609, 'trajectory_length': 151.57540765590966}",31.17662403554648
steve,BasicWireNav,branch_or_arch_navigation,random,3,False,False,150,-0.7442727360725602,,,,,False,False,5.514695387973916,"{'path_ratio': 0.01966521859885384, 'average_translation_speed': 17.250119339774052, 'trajectory_length': 192.46358608454466}",27.200051761174354
steve,BasicWireNav,branch_or_arch_navigation,random,4,False,False,150,-0.6955664402967188,,,,,False,False,5.478025681048166,"{'path_ratio': 0.24160012052534496, 'average_translation_speed': 17.56178073922793, 'trajectory_length': 189.73673197627068}",27.382127929582648
steve,BasicWireNav,branch_or_arch_navigation,random,5,False,False,150,-0.6923318527242774,,,,,False,False,5.5222195270471275,"{'path_ratio': 0.2178916853055447, 'average_translation_speed': 17.528993065158527, 'trajectory_length': 213.60028989613056}",27.16299112436931
steve,BasicWireNav,branch_or_arch_navigation,random,6,False,False,150,-0.7286433032377868,,,,,False,False,5.270631470018998,"{'path_ratio': 0.07709480547932868, 'average_translation_speed': 17.69763192186753, 'trajectory_length': 187.3076123893261}",28.45958797408754
steve,BasicWireNav,branch_or_arch_navigation,random,7,False,False,150,-0.7003211995889669,,,,,False,False,5.627986198000144,"{'path_ratio': 0.17694953651885958, 'average_translation_speed': 18.425531442860763, 'trajectory_length': 204.1617274582386}",26.652517387711647
steve,BasicWireNav,branch_or_arch_navigation,random,8,False,False,150,-0.6757910335930276,,,,,False,False,5.075415464001708,"{'path_ratio': 0.23312458588903295, 'average_translation_speed': 15.138551639989018, 'trajectory_length': 161.77216029539704}",29.554230794287058
steve,BasicWireNav,branch_or_arch_navigation,random,9,False,False,150,-0.7259448026248317,,,,,False,False,5.272858926968183,"{'path_ratio': 0.07506897383818278, 'average_translation_speed': 15.486368073622385, 'trajectory_length': 168.74326677247882}",28.447565557428597
steve,BasicWireNav,branch_or_arch_navigation,random,10,False,False,150,-0.7044791073760037,,,,,False,False,5.31429665297037,"{'path_ratio': 0.17547633303553034, 'average_translation_speed': 15.368368649631739, 'trajectory_length': 165.2141590565443}",28.22574835301283
steve,BasicWireNav,branch_or_arch_navigation,random,11,False,False,150,-0.7405078166487609,,,,,False,False,5.11627897300059,"{'path_ratio': 0.029965644597816365, 'average_translation_speed': 15.319489987666408, 'trajectory_length': 157.9511975981295}",29.31818237269188
steve,BasicWireNav,branch_or_arch_navigation,random,12,False,False,150,-0.7440521513261239,,,,,False,False,5.625938146025874,"{'path_ratio': 0.019892744233137916, 'average_translation_speed': 17.74118141879638, 'trajectory_length': 191.47663500905037}",26.662219901219324
steve,BasicWireNav,branch_or_arch_navigation,random,13,False,False,150,-0.7414539403123162,,,,,False,False,5.352448956982698,"{'path_ratio': 0.02771113960113447, 'average_translation_speed': 17.759307918548583, 'trajectory_length': 178.95339626073837}",28.02455496643513
steve,BasicWireNav,branch_or_arch_navigation,random,14,False,False,150,-0.6458630820912654,,,,,False,False,5.616249653045088,"{'path_ratio': 0.34041616372467953, 'average_translation_speed': 15.928904634614785, 'trajectory_length': 200.53943395614624}",26.708214425381026
steve,BasicWireNav,branch_or_arch_navigation,random,15,False,False,150,-0.6899302736572913,,,,,False,False,5.559879590990022,"{'path_ratio': 0.25165348929426945, 'average_translation_speed': 18.069204582373303, 'trajectory_length': 205.80677549540997}",26.979001531450468
steve,BasicWireNav,branch_or_arch_navigation,random,16,False,False,150,-0.7445945884419636,,,,,False,False,5.04785554704722,"{'path_ratio': 0.017533559060126103, 'average_translation_speed': 14.107159507821004, 'trajectory_length': 159.19441620633006}",29.715588847970025
steve,BasicWireNav,branch_or_arch_navigation,random,17,False,False,150,-0.7458161455225388,,,,,False,False,4.54386924294522,"{'path_ratio': 0.016093164195274068, 'average_translation_speed': 13.21666263828675, 'trajectory_length': 103.50346011086367}",33.011513311675714
steve,BasicWireNav,branch_or_arch_navigation,random,18,False,False,150,-0.7342929921224853,,,,,False,False,5.026408587000333,"{'path_ratio': 0.054179979873477446, 'average_translation_speed': 14.080339566469192, 'trajectory_length': 150.48084821365774}",29.842380977133658
steve,BasicWireNav,branch_or_arch_navigation,random,19,False,False,150,-0.7381960664038671,,,,,False,False,5.412728077964857,"{'path_ratio': 0.04988488593721374, 'average_translation_speed': 17.06401724283894, 'trajectory_length': 186.38494083285332}",27.712458087567335
steve,BasicWireNav,branch_or_arch_navigation,random,20,False,False,150,-0.7087421254312175,,,,,False,False,5.508467981999274,"{'path_ratio': 0.11679460714711198, 'average_translation_speed': 16.522042917025587, 'trajectory_length': 168.41197861731052}",27.23080182914273
steve,BasicWireNav,branch_or_arch_navigation,random,21,False,False,150,-0.6996735553347779,,,,,False,False,5.5235035920049995,"{'path_ratio': 0.14537479677486742, 'average_translation_speed': 18.312732573548953, 'trajectory_length': 194.54015745222569}",27.156676464756472
steve,BasicWireNav,branch_or_arch_navigation,random,22,False,False,150,-0.6975559474197922,,,,,False,False,5.742598654003814,"{'path_ratio': 0.17035342997509073, 'average_translation_speed': 16.583874081671237, 'trajectory_length': 188.27945564687252}",26.12057868529922
steve,BasicWireNav,branch_or_arch_navigation,random,23,False,False,150,-0.7363094289560971,,,,,False,False,5.503505352011416,"{'path_ratio': 0.047291142720690904, 'average_translation_speed': 17.941276825070382, 'trajectory_length': 175.11936423927546}",27.25535643300104
steve,BasicWireNav,branch_or_arch_navigation,random,24,False,False,150,-0.7131779925212081,,,,,False,False,5.577503903012257,"{'path_ratio': 0.15426051072700542, 'average_translation_speed': 16.813957402929663, 'trajectory_length': 196.8928399682045}",26.89375079038297
steve,BasicWireNav,branch_or_arch_navigation,random,25,False,False,150,-0.7244488072280415,,,,,False,False,5.210336080985144,"{'path_ratio': 0.1119021221707297, 'average_translation_speed': 14.98662600164612, 'trajectory_length': 162.1856570020318}",28.788929863357062
steve,BasicWireNav,branch_or_arch_navigation,random,26,False,False,150,-0.7249085151088975,,,,,False,False,5.343323521025013,"{'path_ratio': 0.08909071229122034, 'average_translation_speed': 16.03235729634762, 'trajectory_length': 177.4025142379105}",28.072415868097277
steve,BasicWireNav,branch_or_arch_navigation,random,27,False,False,150,-0.7445677875134908,,,,,False,False,5.145606815000065,"{'path_ratio': 0.02389068407150252, 'average_translation_speed': 16.768370907902717, 'trajectory_length': 170.90390395373106}",29.15108079434517
steve,BasicWireNav,branch_or_arch_navigation,random,28,False,False,150,-0.744361093866968,,,,,False,False,4.942897629982326,"{'path_ratio': 0.018856995008144195, 'average_translation_speed': 15.774943184057872, 'trajectory_length': 159.98367646336555}",30.346572239355954
steve,BasicWireNav,branch_or_arch_navigation,random,29,False,False,150,-0.7316697015130079,,,,,False,False,5.4211919869994745,"{'path_ratio': 0.073521734420813, 'average_translation_speed': 15.686046637048324, 'trajectory_length': 186.45277638547122}",27.669191638981616
steve,BasicWireNav,branch_or_arch_navigation,forward,0,False,False,150,-0.5827142290886633,,,,,False,False,10.392468918988016,"{'path_ratio': 0.47830931469290117, 'average_translation_speed': 16.833333333333332, 'trajectory_length': 337.80946818890516}",14.43352885337342
steve,BasicWireNav,branch_or_arch_navigation,forward,1,False,False,150,-0.636989406233904,,,,,False,False,11.886818714963738,"{'path_ratio': 0.35498987394074777, 'average_translation_speed': 16.166666666666668, 'trajectory_length': 320.19753361525363}",12.619019739164719
steve,BasicWireNav,branch_or_arch_navigation,forward,2,False,False,150,-0.6369895380652786,,,,,False,False,11.980811617977452,"{'path_ratio': 0.3910394352844193, 'average_translation_speed': 16.166666666666668, 'trajectory_length': 320.337173055741}",12.520019910414245
steve,BasicWireNav,branch_or_arch_navigation,forward,3,False,False,150,-0.608020677486196,,,,,False,False,8.81526500399923,"{'path_ratio': 0.48750231334266914, 'average_translation_speed': 16.833333333333332, 'trajectory_length': 337.75227538502077}",17.0159376867229
steve,BasicWireNav,branch_or_arch_navigation,forward,4,False,False,150,-0.63586915908861,,,,,False,False,11.262067848991137,"{'path_ratio': 0.5065629562012388, 'average_translation_speed': 16.166666666666668, 'trajectory_length': 322.4090745697167}",13.31904602345626
steve,BasicWireNav,branch_or_arch_navigation,forward,5,False,False,150,-0.6079708335163456,,,,,False,False,8.893209783011116,"{'path_ratio': 0.5366389577196182, 'average_translation_speed': 16.666666666666668, 'trajectory_length': 330.9519030815136}",16.866801038085047
steve,BasicWireNav,branch_or_arch_navigation,forward,6,False,False,150,-0.6080109285090565,,,,,False,False,8.815470625995658,"{'path_ratio': 0.5125614681270672, 'average_translation_speed': 16.666666666666668, 'trajectory_length': 331.6841480603616}",17.01554078776802
steve,BasicWireNav,branch_or_arch_navigation,forward,7,True,True,80,0.87773492768526,,,,,False,False,3.712712722015567,"{'path_ratio': 0.989256309825856, 'average_translation_speed': 25.0, 'trajectory_length': 269.61063104867935}",21.547586896669287
steve,BasicWireNav,branch_or_arch_navigation,forward,8,False,False,150,-0.6369897205245303,,,,,False,False,12.115262195002288,"{'path_ratio': 0.35501740395413195, 'average_translation_speed': 16.166666666666668, 'trajectory_length': 320.6744272365977}",12.381077486038814
steve,BasicWireNav,branch_or_arch_navigation,forward,9,False,False,150,-0.6365434967378416,,,,,False,False,10.719877903989982,"{'path_ratio': 0.35406332953022135, 'average_translation_speed': 16.0, 'trajectory_length': 325.19260639539425}",13.992696683995757
steve,BasicWireNav,branch_or_arch_navigation,forward,10,False,False,150,-0.6360207239305842,,,,,False,False,12.287740353029221,"{'path_ratio': 0.4393733130831087, 'average_translation_speed': 16.166666666666668, 'trajectory_length': 320.495652124544}",12.207289191541342
steve,BasicWireNav,branch_or_arch_navigation,forward,11,False,False,150,-0.6368380302089146,,,,,False,False,12.452922819997184,"{'path_ratio': 0.3572382921054582, 'average_translation_speed': 16.166666666666668, 'trajectory_length': 322.5223579100575}",12.045364945097598
steve,BasicWireNav,branch_or_arch_navigation,forward,12,False,False,150,-0.6365478263690806,,,,,False,False,10.773504806973506,"{'path_ratio': 0.3794439294741686, 'average_translation_speed': 16.0, 'trajectory_length': 325.02028415539553}",13.92304572073032
steve,BasicWireNav,branch_or_arch_navigation,forward,13,True,True,90,0.8532086312942813,,,,,False,False,4.458771541016176,"{'path_ratio': 0.9831731835636082, 'average_translation_speed': 25.0, 'trajectory_length': 300.93586230278015}",20.184931919496496
steve,BasicWireNav,branch_or_arch_navigation,forward,14,True,True,89,0.8564309523107223,,,,,False,False,4.436532824009191,"{'path_ratio': 0.985356302780364, 'average_translation_speed': 25.0, 'trajectory_length': 298.24684788286686}",20.060710363362706
steve,BasicWireNav,branch_or_arch_navigation,forward,15,False,False,150,-0.6358702296413083,,,,,False,False,9.623000346997287,"{'path_ratio': 0.47813027779183015, 'average_translation_speed': 16.166666666666668, 'trajectory_length': 322.494063475664}",15.587654015496867
steve,BasicWireNav,branch_or_arch_navigation,forward,16,False,False,150,-0.6368380016777834,,,,,False,False,11.184271247999277,"{'path_ratio': 0.3670641096688749, 'average_translation_speed': 16.166666666666668, 'trajectory_length': 322.3854291549969}",13.41169189068381
steve,BasicWireNav,branch_or_arch_navigation,forward,17,False,False,150,-0.6080147354653621,,,,,False,False,8.94774083798984,"{'path_ratio': 0.5461452322911609, 'average_translation_speed': 16.666666666666668, 'trajectory_length': 331.81046148901805}",16.76400811287895
steve,BasicWireNav,branch_or_arch_navigation,forward,18,False,False,150,-0.5824566504460407,,,,,False,False,9.365528877009638,"{'path_ratio': 0.5779264502543203, 'average_translation_speed': 16.666666666666668, 'trajectory_length': 341.55308697139844}",16.016180396199278
steve,BasicWireNav,branch_or_arch_navigation,forward,19,True,True,67,0.8985480529231571,,,,,False,False,2.9653082040022127,"{'path_ratio': 0.987003009297391, 'average_translation_speed': 25.0, 'trajectory_length': 223.5879511833191}",22.59461593556162
steve,BasicWireNav,branch_or_arch_navigation,forward,20,False,False,150,-0.5827025555891285,,,,,False,False,9.112399764999282,"{'path_ratio': 0.47359296863701594, 'average_translation_speed': 16.833333333333332, 'trajectory_length': 338.7863975687651}",16.461086417230053
steve,BasicWireNav,branch_or_arch_navigation,forward,21,False,False,150,-0.6369884739218029,,,,,False,False,10.530734538042452,"{'path_ratio': 0.3264492007357864, 'average_translation_speed': 16.166666666666668, 'trajectory_length': 321.943549836069}",14.244020629151986
steve,BasicWireNav,branch_or_arch_navigation,forward,22,True,True,90,0.8535457209750347,,,,,False,False,4.699807006982155,"{'path_ratio': 0.9860041735575971, 'average_translation_speed': 25.0, 'trajectory_length': 304.4769259095192}",19.149722502709935
steve,BasicWireNav,branch_or_arch_navigation,forward,23,False,False,150,-0.6369351169305327,,,,,False,False,9.60916371102212,"{'path_ratio': 0.39055839999586006, 'average_translation_speed': 16.166666666666668, 'trajectory_length': 322.1304414026272}",15.610099329241692
steve,BasicWireNav,branch_or_arch_navigation,forward,24,False,False,150,-0.6360204169084458,,,,,False,False,10.424474861007184,"{'path_ratio': 0.4775010898110653, 'average_translation_speed': 16.166666666666668, 'trajectory_length': 321.80728447374713}",14.389214037157496
steve,BasicWireNav,branch_or_arch_navigation,forward,25,False,False,150,-0.6359270028230803,,,,,False,False,9.61438610800542,"{'path_ratio': 0.4995856976384252, 'average_translation_speed': 16.166666666666668, 'trajectory_length': 322.32001961629794}",15.601620146615756
steve,BasicWireNav,branch_or_arch_navigation,forward,26,False,False,150,-0.6355778920138077,,,,,False,False,10.921673264994752,"{'path_ratio': 0.4062711771182431, 'average_translation_speed': 16.0, 'trajectory_length': 325.16441065507934}",13.734159259347893
steve,BasicWireNav,branch_or_arch_navigation,forward,27,False,False,150,-0.608079435488578,,,,,False,False,8.934238349960651,"{'path_ratio': 0.6241617717297214, 'average_translation_speed': 16.666666666666668, 'trajectory_length': 334.6306117408094}",16.789343884099605
steve,BasicWireNav,branch_or_arch_navigation,forward,28,False,False,150,-0.5827916034145036,,,,,False,False,8.95198559697019,"{'path_ratio': 0.5591594939419806, 'average_translation_speed': 16.666666666666668, 'trajectory_length': 335.6064269714261}",16.756059130699192
steve,BasicWireNav,branch_or_arch_navigation,forward,29,True,True,71,0.8907652380854996,,,,,False,False,3.2790390620357357,"{'path_ratio': 0.9857497179989928, 'average_translation_speed': 25.0, 'trajectory_length': 241.79139041900635}",21.65268502654581
steve,BasicWireNav,branch_or_arch_navigation,sweep,0,False,False,150,-0.6369874065591351,,,,,False,False,11.894748539023567,"{'path_ratio': 0.32312955146087885, 'average_translation_speed': 16.166666666666668, 'trajectory_length': 372.33615343687416}",12.610607068143485
steve,BasicWireNav,branch_or_arch_navigation,sweep,1,False,False,150,-0.5809424526242786,,,,,False,False,8.54690328502329,"{'path_ratio': 0.5310450589778591, 'average_translation_speed': 16.5, 'trajectory_length': 390.854104406666}",17.55021614235936
steve,BasicWireNav,branch_or_arch_navigation,sweep,2,False,False,150,-0.6367831527528572,,,,,False,False,9.609583695011679,"{'path_ratio': 0.3917535709019425, 'average_translation_speed': 16.0, 'trajectory_length': 371.1133005421725}",15.60941709450585
steve,BasicWireNav,branch_or_arch_navigation,sweep,3,False,False,150,-0.6062318292140487,,,,,False,False,8.558629792998545,"{'path_ratio': 0.4936445293742051, 'average_translation_speed': 16.5, 'trajectory_length': 391.26628192095086}",17.526169915972847
steve,BasicWireNav,branch_or_arch_navigation,sweep,4,True,True,75,0.8438290653223505,,,,,False,False,3.4194069340010174,"{'path_ratio': 0.9712598045124996, 'average_translation_speed': 25.0, 'trajectory_length': 271.4470917582512}",21.93362809621585
steve,BasicWireNav,branch_or_arch_navigation,sweep,5,True,True,77,0.8743368999094003,,,,,False,False,3.617529736016877,"{'path_ratio': 0.9798711568277372, 'average_translation_speed': 25.0, 'trajectory_length': 287.10799154639244}",21.285243140746577
steve,BasicWireNav,branch_or_arch_navigation,sweep,6,False,False,150,-0.6349747063937069,,,,,False,False,9.620516255963594,"{'path_ratio': 0.4152258532541291, 'average_translation_speed': 15.833333333333334, 'trajectory_length': 378.48129663278814}",15.591678867235172
steve,BasicWireNav,branch_or_arch_navigation,sweep,7,True,True,80,0.8741342268300047,,,,,False,False,3.736381745955441,"{'path_ratio': 0.9764310728153622, 'average_translation_speed': 25.0, 'trajectory_length': 300.33118909597397}",21.41108843779103
steve,BasicWireNav,branch_or_arch_navigation,sweep,8,False,False,150,-0.6370413954316979,,,,,False,False,9.247501556004863,"{'path_ratio': 0.35485506924018184, 'average_translation_speed': 15.666666666666666, 'trajectory_length': 383.1503346243917}",16.220597432892298
steve,BasicWireNav,branch_or_arch_navigation,sweep,9,False,False,150,-0.6367438316099924,,,,,False,False,9.768438164959662,"{'path_ratio': 0.35343814516603533, 'average_translation_speed': 16.0, 'trajectory_length': 371.7917301351554}",15.355576548364159
steve,BasicWireNav,branch_or_arch_navigation,sweep,10,False,False,150,-0.6357629701944235,,,,,False,False,9.680033190990798,"{'path_ratio': 0.4403669157530141, 'average_translation_speed': 16.0, 'trajectory_length': 372.8738336904207}",15.495814636214773
steve,BasicWireNav,branch_or_arch_navigation,sweep,11,False,False,150,-0.6361999956667732,,,,,False,False,9.607372879981995,"{'path_ratio': 0.35925248795729514, 'average_translation_speed': 15.833333333333334, 'trajectory_length': 371.4319788032153}",15.613009078948242
steve,BasicWireNav,branch_or_arch_navigation,sweep,12,False,False,150,-0.6368064347582694,,,,,False,False,9.753958694986068,"{'path_ratio': 0.37857900657098953, 'average_translation_speed': 16.0, 'trajectory_length': 369.98046237730887}",15.378371458257877
steve,BasicWireNav,branch_or_arch_navigation,sweep,13,True,True,90,0.8536259954147646,,,,,False,False,4.458858153026085,"{'path_ratio': 0.9845265131482223, 'average_translation_speed': 25.0, 'trajectory_length': 328.73726493120193}",20.18453983312294
steve,BasicWireNav,branch_or_arch_navigation,sweep,14,False,False,150,-0.6062414944168765,,,,,False,False,8.750011906027794,"{'path_ratio': 0.46993631035142325, 'average_translation_speed': 16.5, 'trajectory_length': 391.1004509945633}",17.142833816793612
steve,BasicWireNav,branch_or_arch_navigation,sweep,15,False,False,150,-0.6351517015406114,,,,,False,False,9.511817052960396,"{'path_ratio': 0.48114044805071854, 'average_translation_speed': 15.833333333333334, 'trajectory_length': 372.48669558909023}",15.769857553485533
steve,BasicWireNav,branch_or_arch_navigation,sweep,16,False,False,150,-0.5809431669566646,,,,,False,False,8.737594898964744,"{'path_ratio': 0.5483704496610009, 'average_translation_speed': 16.5, 'trajectory_length': 391.01103859278373}",17.16719551941833
steve,BasicWireNav,branch_or_arch_navigation,sweep,17,False,False,150,-0.6061503837271227,,,,,False,False,8.705491665983573,"{'path_ratio': 0.5533164469696019, 'average_translation_speed': 16.5, 'trajectory_length': 391.49418425466865}",17.230502969306162
steve,BasicWireNav,branch_or_arch_navigation,sweep,18,False,False,150,-0.5810407074964464,,,,,False,False,8.788601305976044,"{'path_ratio': 0.5828106243191228, 'average_translation_speed': 16.5, 'trajectory_length': 389.5810023956001}",17.06756226363386
steve,BasicWireNav,branch_or_arch_navigation,sweep,19,True,True,67,0.8987207094592595,,,,,False,False,3.045290527981706,"{'path_ratio': 0.9877326772118733, 'average_translation_speed': 25.0, 'trajectory_length': 253.46863585710526}",22.00118490645451
steve,BasicWireNav,branch_or_arch_navigation,sweep,20,False,False,150,-0.6360942689735487,,,,,False,False,9.613888359046541,"{'path_ratio': 0.3224493565430755, 'average_translation_speed': 15.833333333333334, 'trajectory_length': 373.3463503146777}",15.602427904090648
steve,BasicWireNav,branch_or_arch_navigation,sweep,21,False,False,150,-0.5017525236002401,,,,,False,False,9.741836611006875,"{'path_ratio': 0.7170966809111362, 'average_translation_speed': 15.166666666666666, 'trajectory_length': 374.30801363801584}",15.39750726577795
steve,BasicWireNav,branch_or_arch_navigation,sweep,22,False,False,150,-0.6349412357678326,,,,,False,False,9.763161856972147,"{'path_ratio': 0.3737440981638067, 'average_translation_speed': 15.166666666666666, 'trajectory_length': 372.1365400996292}",15.363875166412488
steve,BasicWireNav,branch_or_arch_navigation,sweep,23,False,False,150,-0.5018947136517218,,,,,False,False,9.906566596997436,"{'path_ratio': 0.8570265234976893, 'average_translation_speed': 15.166666666666666, 'trajectory_length': 372.1811434045667}",15.141471924840564
steve,BasicWireNav,branch_or_arch_navigation,sweep,24,False,False,150,-0.6360007265100812,,,,,False,False,10.657435945991892,"{'path_ratio': 0.47758357990642064, 'average_translation_speed': 16.166666666666668, 'trajectory_length': 370.3536316403188}",14.074679947423267
steve,BasicWireNav,branch_or_arch_navigation,sweep,25,True,True,73,0.8573580955090621,,,,,False,False,3.4198674440267496,"{'path_ratio': 0.9738231397405794, 'average_translation_speed': 25.0, 'trajectory_length': 266.62025582790375}",21.34585658502763
steve,BasicWireNav,branch_or_arch_navigation,sweep,26,False,False,150,-0.6353503724990813,,,,,False,False,9.958152564999182,"{'path_ratio': 0.4070790159414579, 'average_translation_speed': 16.0, 'trajectory_length': 368.83817340806127}",15.063034937546403
steve,BasicWireNav,branch_or_arch_navigation,sweep,27,False,False,150,-0.634998309549343,,,,,False,False,9.999896006018389,"{'path_ratio': 0.5057734875189167, 'average_translation_speed': 15.833333333333334, 'trajectory_length': 374.55641208740417}",15.000155992594646
steve,BasicWireNav,branch_or_arch_navigation,sweep,28,False,False,150,-0.6369875630135561,,,,,False,False,10.806602653989103,"{'path_ratio': 0.37792346774989427, 'average_translation_speed': 16.166666666666668, 'trajectory_length': 371.19345470159897}",13.880403009416623
steve,BasicWireNav,branch_or_arch_navigation,sweep,29,False,False,150,-0.63496451973426,,,,,False,False,10.135212966997642,"{'path_ratio': 0.4614004531933943, 'average_translation_speed': 15.166666666666666, 'trajectory_length': 372.08670098949733}",14.799886345598376
steve,ArchVariety,branch_or_arch_navigation,random,0,False,False,150,-0.7410477597224975,,,,,False,False,2.7621336890151724,"{'path_ratio': 0.0306746378780286, 'average_translation_speed': 17.367365701744955, 'trajectory_length': 172.58473271131516}",54.30584355729787
steve,ArchVariety,branch_or_arch_navigation,random,1,False,False,150,-0.7185108508777769,,,,,False,False,2.8473523010034114,"{'path_ratio': 0.10771117405381248, 'average_translation_speed': 16.200735431114833, 'trajectory_length': 167.42075929418206}",52.6805200561728
steve,ArchVariety,branch_or_arch_navigation,random,2,False,False,150,-0.7093969211731054,,,,,False,False,2.881406452972442,"{'path_ratio': 0.1581376586057177, 'average_translation_speed': 17.774545590728522, 'trajectory_length': 217.28413803875446}",52.05791076273216
steve,ArchVariety,branch_or_arch_navigation,random,3,False,False,150,-0.7068584518939417,,,,,False,False,2.524775622994639,"{'path_ratio': 0.15387958145904757, 'average_translation_speed': 16.894597803552944, 'trajectory_length': 164.76299204677343}",59.41122000460573
steve,ArchVariety,branch_or_arch_navigation,random,4,False,False,150,-0.7009582092707503,,,,,False,False,2.7700483209919184,"{'path_ratio': 0.1640631012689029, 'average_translation_speed': 17.32022335253656, 'trajectory_length': 187.2958262823522}",54.15067992253902
steve,ArchVariety,branch_or_arch_navigation,random,5,False,False,150,-0.7401805246308542,,,,,False,False,2.59444422199158,"{'path_ratio': 0.030752754271631377, 'average_translation_speed': 14.331502527793248, 'trajectory_length': 156.52764210337773}",57.815850781658014
steve,ArchVariety,branch_or_arch_navigation,random,6,False,False,150,-0.7331866722237455,,,,,False,False,2.647308958985377,"{'path_ratio': 0.06655918706567787, 'average_translation_speed': 17.0624759242932, 'trajectory_length': 185.65066710487008}",56.66131242100653
steve,ArchVariety,branch_or_arch_navigation,random,7,False,False,150,-0.7441690228532738,,,,,False,False,2.438497322029434,"{'path_ratio': 0.02065496696194624, 'average_translation_speed': 17.373817730545998, 'trajectory_length': 172.77343372255564}",61.513292897595974
steve,ArchVariety,branch_or_arch_navigation,random,8,False,False,150,-0.7442350449657982,,,,,False,False,2.4708637070143595,"{'path_ratio': 0.025257634437233167, 'average_translation_speed': 15.29356351117293, 'trajectory_length': 138.67882696166635}",60.70751679834693
steve,ArchVariety,branch_or_arch_navigation,random,9,False,False,150,-0.7257154720121464,,,,,False,False,2.615610191016458,"{'path_ratio': 0.08174668848173217, 'average_translation_speed': 15.733249033192793, 'trajectory_length': 168.81268895417452}",57.34799494022011
steve,ArchVariety,branch_or_arch_navigation,random,10,False,False,150,-0.7449090940650598,,,,,False,False,2.6440249620354734,"{'path_ratio': 0.01927038421540206, 'average_translation_speed': 17.488760313987733, 'trajectory_length': 171.174200899899}",56.731688298632456
steve,ArchVariety,branch_or_arch_navigation,random,11,False,False,150,-0.7196724786612514,,,,,False,False,2.5959704710403457,"{'path_ratio': 0.11524484683923086, 'average_translation_speed': 13.497994946042697, 'trajectory_length': 172.26491802744567}",57.78185910561875
steve,ArchVariety,branch_or_arch_navigation,random,12,False,False,150,-0.7473092324377973,,,,,False,False,2.35635659401305,"{'path_ratio': 0.011949837842780697, 'average_translation_speed': 17.12713393966357, 'trajectory_length': 165.930637197569}",63.65759765780563
steve,ArchVariety,branch_or_arch_navigation,random,13,False,False,150,-0.7367481089862992,,,,,False,False,2.9648126020329073,"{'path_ratio': 0.035623982998516546, 'average_translation_speed': 15.607018585763871, 'trajectory_length': 195.14166635647416}",50.593416898305236
steve,ArchVariety,branch_or_arch_navigation,random,14,False,False,150,-0.7404387661331621,,,,,False,False,2.6231879940023646,"{'path_ratio': 0.028121482778928786, 'average_translation_speed': 16.348701663017273, 'trajectory_length': 188.0323050096631}",57.18232941861535
steve,ArchVariety,branch_or_arch_navigation,random,15,False,False,150,-0.7406326098690368,,,,,False,False,2.645533715025522,"{'path_ratio': 0.0300088643337052, 'average_translation_speed': 16.091174113353095, 'trajectory_length': 158.06538260169327}",56.69933410716443
steve,ArchVariety,branch_or_arch_navigation,random,16,False,False,150,-0.7404204394188224,,,,,False,False,2.349780087999534,"{'path_ratio': 0.044369545408832645, 'average_translation_speed': 15.705887209971745, 'trajectory_length': 145.4136709421873}",63.835760957401455
steve,ArchVariety,branch_or_arch_navigation,random,17,False,False,150,-0.7087232741422812,,,,,False,False,2.666556680982467,"{'path_ratio': 0.19113802331151664, 'average_translation_speed': 16.61732531885306, 'trajectory_length': 194.12117895111442}",56.252320106218015
steve,ArchVariety,branch_or_arch_navigation,random,18,False,False,150,-0.7298930703480941,,,,,False,False,2.4993058580439538,"{'path_ratio': 0.08447969484624074, 'average_translation_speed': 16.8626806696256, 'trajectory_length': 174.0307096093893}",60.016664033827126
steve,ArchVariety,branch_or_arch_navigation,random,19,False,False,150,-0.7239469086976532,,,,,False,False,2.4960619090124965,"{'path_ratio': 0.08847184153284982, 'average_translation_speed': 18.25335755825043, 'trajectory_length': 213.27851444482803}",60.09466330077674
steve,ArchVariety,branch_or_arch_navigation,random,20,False,False,150,-0.7296919369568381,,,,,False,False,2.373263877001591,"{'path_ratio': 0.08289349947730174, 'average_translation_speed': 17.46280017574628, 'trajectory_length': 172.50838932022452}",63.204096878393365
steve,ArchVariety,branch_or_arch_navigation,random,21,False,False,150,-0.7287700032425483,,,,,False,False,2.4768873080029152,"{'path_ratio': 0.08569544208106172, 'average_translation_speed': 16.35938827380538, 'trajectory_length': 177.70441456139088}",60.55988074844762
steve,ArchVariety,branch_or_arch_navigation,random,22,False,False,150,-0.6810124136402214,,,,,False,False,2.979444988013711,"{'path_ratio': 0.19590136719703455, 'average_translation_speed': 16.749567739566167, 'trajectory_length': 172.28962847217917}",50.34494699631948
steve,ArchVariety,branch_or_arch_navigation,random,23,False,False,150,-0.7298005536272086,,,,,False,False,2.593931157956831,"{'path_ratio': 0.08634329310595201, 'average_translation_speed': 15.68780222604672, 'trajectory_length': 180.71151925018057}",57.82728641038836
steve,ArchVariety,branch_or_arch_navigation,random,24,False,False,150,-0.7434556901641111,,,,,False,False,2.97648749203654,"{'path_ratio': 0.024620601317954516, 'average_translation_speed': 14.98690752863884, 'trajectory_length': 165.37196710333228}",50.39497071676543
steve,ArchVariety,branch_or_arch_navigation,random,25,False,False,150,-0.7457548627485094,,,,,False,False,2.485573558951728,"{'path_ratio': 0.013655635107238107, 'average_translation_speed': 15.765410462568203, 'trajectory_length': 167.18933039158583}",60.3482441546656
steve,ArchVariety,branch_or_arch_navigation,random,26,False,False,150,-0.7453131248865046,,,,,False,False,2.9245825620018877,"{'path_ratio': 0.01829578819487354, 'average_translation_speed': 16.195420187413692, 'trajectory_length': 153.76921548694372}",51.28937098541832
steve,ArchVariety,branch_or_arch_navigation,random,27,False,False,150,-0.7146663617067384,,,,,False,False,2.563867388991639,"{'path_ratio': 0.12959823174456808, 'average_translation_speed': 16.90442090670268, 'trajectory_length': 181.3281716518104}",58.505366012317246
steve,ArchVariety,branch_or_arch_navigation,random,28,False,False,150,-0.7463734332921805,,,,,False,False,2.5809832750237547,"{'path_ratio': 0.01673100977845754, 'average_translation_speed': 14.579462589422862, 'trajectory_length': 162.10289952903986}",58.11738551410002
steve,ArchVariety,branch_or_arch_navigation,random,29,False,False,150,-0.70527347442568,,,,,False,False,2.574402042955626,"{'path_ratio': 0.1761291806467319, 'average_translation_speed': 17.10994085888068, 'trajectory_length': 213.9766403734684}",58.26595749115691
steve,ArchVariety,branch_or_arch_navigation,forward,0,False,False,150,-0.6411243045982684,,,,,False,False,6.4048777220305055,"{'path_ratio': 0.3730599745584914, 'average_translation_speed': 15.666666666666666, 'trajectory_length': 312.678798489389}",23.41965085204566
steve,ArchVariety,branch_or_arch_navigation,forward,1,False,False,150,-0.6426769228184732,,,,,False,False,6.565065582981333,"{'path_ratio': 0.3671072407012742, 'average_translation_speed': 15.166666666666666, 'trajectory_length': 302.4049808345417}",22.84821044116392
steve,ArchVariety,branch_or_arch_navigation,forward,2,False,False,150,-0.5658115655128781,,,,,False,False,5.001763655978721,"{'path_ratio': 0.7173625403192985, 'average_translation_speed': 15.333333333333334, 'trajectory_length': 327.6071415770566}",29.989421795390438
steve,ArchVariety,branch_or_arch_navigation,forward,3,False,False,150,-0.658586635580051,,,,,False,False,7.940996332035866,"{'path_ratio': 0.32605807798375197, 'average_translation_speed': 11.333333333333334, 'trajectory_length': 224.7086543524565}",18.889317376317674
steve,ArchVariety,branch_or_arch_navigation,forward,4,False,False,150,-0.5904569760445412,,,,,False,False,4.630169892043341,"{'path_ratio': 0.5337309854866251, 'average_translation_speed': 15.0, 'trajectory_length': 306.7852086520288}",32.39621946869934
steve,ArchVariety,branch_or_arch_navigation,forward,5,False,False,150,-0.5650755360036694,,,,,False,False,5.047396073990967,"{'path_ratio': 0.579148720914531, 'average_translation_speed': 15.333333333333334, 'trajectory_length': 318.02796434783886}",29.718293908604494
steve,ArchVariety,branch_or_arch_navigation,forward,6,False,False,150,-0.6241929132464339,,,,,False,False,5.080755376955494,"{'path_ratio': 0.4980345076745939, 'average_translation_speed': 15.5, 'trajectory_length': 317.95513866399415}",29.523169070557273
steve,ArchVariety,branch_or_arch_navigation,forward,7,False,False,150,-0.5948572808643617,,,,,False,False,4.875940574973356,"{'path_ratio': 0.5495593032691237, 'average_translation_speed': 14.166666666666666, 'trajectory_length': 292.22817669360666}",30.76329534652289
steve,ArchVariety,branch_or_arch_navigation,forward,8,False,False,150,-0.6215247729045704,,,,,False,False,5.240968384954613,"{'path_ratio': 0.562880421610434, 'average_translation_speed': 14.666666666666666, 'trajectory_length': 295.81560573524985}",28.6206649195994
steve,ArchVariety,branch_or_arch_navigation,forward,9,False,False,150,-0.6331084493489013,,,,,False,False,5.577414459025022,"{'path_ratio': 0.39348086905380597, 'average_translation_speed': 14.0, 'trajectory_length': 288.48651241863035}",26.89418208060178
steve,ArchVariety,branch_or_arch_navigation,forward,10,True,True,78,0.868815778030849,,,,,False,False,2.213286607002374,"{'path_ratio': 0.9796840773333058, 'average_translation_speed': 25.0, 'trajectory_length': 267.62790501117706}",35.24170785348106
steve,ArchVariety,branch_or_arch_navigation,forward,11,False,False,150,-0.6295047702011689,,,,,False,False,5.274094151041936,"{'path_ratio': 0.4578829291031413, 'average_translation_speed': 15.5, 'trajectory_length': 306.5129663570842}",28.44090296916038
steve,ArchVariety,branch_or_arch_navigation,forward,12,False,False,150,-0.6640516613805078,,,,,False,False,4.57389180699829,"{'path_ratio': 0.38170101490243413, 'average_translation_speed': 13.333333333333334, 'trajectory_length': 275.840482378022}",32.79482907105329
steve,ArchVariety,branch_or_arch_navigation,forward,13,False,False,150,-0.6188604347627277,,,,,False,False,6.597069482959341,"{'path_ratio': 0.3525318490482229, 'average_translation_speed': 16.0, 'trajectory_length': 319.2989463778631}",22.73736852210815
steve,ArchVariety,branch_or_arch_navigation,forward,14,False,False,150,-0.5531861915466756,,,,,False,False,4.857391752011608,"{'path_ratio': 0.5788683973385519, 'average_translation_speed': 17.666666666666668, 'trajectory_length': 355.963228517212}",30.880770515962602
steve,ArchVariety,branch_or_arch_navigation,forward,15,False,False,150,-0.6324402128306476,,,,,False,False,6.696990636992268,"{'path_ratio': 0.37660817527001966, 'average_translation_speed': 14.666666666666666, 'trajectory_length': 289.14219176152255}",22.398120011015504
steve,ArchVariety,branch_or_arch_navigation,forward,16,False,False,150,-0.6525497791290051,,,,,False,False,4.321414089004975,"{'path_ratio': 0.4513591164642631, 'average_translation_speed': 11.0, 'trajectory_length': 235.34099987050286}",34.71086012831929
steve,ArchVariety,branch_or_arch_navigation,forward,17,True,True,64,0.892122297130556,,,,,False,False,1.7336850329884328,"{'path_ratio': 0.9822638722264457, 'average_translation_speed': 25.0, 'trajectory_length': 220.37114584445953}",36.91558661591503
steve,ArchVariety,branch_or_arch_navigation,forward,18,False,False,150,-0.6577158621597248,,,,,False,False,4.960195583989844,"{'path_ratio': 0.38773377829747613, 'average_translation_speed': 15.0, 'trajectory_length': 310.7197317849077}",30.24074302314994
steve,ArchVariety,branch_or_arch_navigation,forward,19,False,False,150,-0.6468556636802011,,,,,False,False,5.724624885013327,"{'path_ratio': 0.35026052271479025, 'average_translation_speed': 14.833333333333334, 'trajectory_length': 293.9586050632661}",26.202590215594675
steve,ArchVariety,branch_or_arch_navigation,forward,20,False,False,150,-0.6520781803272158,,,,,False,False,5.922009107016493,"{'path_ratio': 0.3996975137712875, 'average_translation_speed': 12.166666666666666, 'trajectory_length': 242.1583023455314}",25.329241696416435
steve,ArchVariety,branch_or_arch_navigation,forward,21,False,False,150,-0.6047547171961357,,,,,False,False,5.077364425989799,"{'path_ratio': 0.5862864164450219, 'average_translation_speed': 14.333333333333334, 'trajectory_length': 288.3317165640474}",29.54288631168295
steve,ArchVariety,branch_or_arch_navigation,forward,22,False,False,150,-0.6077869705835971,,,,,False,False,5.427107019990217,"{'path_ratio': 0.40383681131578597, 'average_translation_speed': 16.333333333333332, 'trajectory_length': 334.5822425703518}",27.639034838909513
steve,ArchVariety,branch_or_arch_navigation,forward,23,False,False,150,-0.6003982829354215,,,,,False,False,4.693917603988666,"{'path_ratio': 0.6394781652560575, 'average_translation_speed': 15.166666666666666, 'trajectory_length': 307.3668603952974}",31.956249055700763
steve,ArchVariety,branch_or_arch_navigation,forward,24,False,False,150,-0.5899868221842427,,,,,False,False,5.496525602997281,"{'path_ratio': 0.6019917692490666, 'average_translation_speed': 18.833333333333332, 'trajectory_length': 386.57513046450913}",27.28996657783315
steve,ArchVariety,branch_or_arch_navigation,forward,25,False,False,150,-0.6222054706183701,,,,,False,False,5.120575357985217,"{'path_ratio': 0.4110857573153913, 'average_translation_speed': 13.5, 'trajectory_length': 284.55732714530086}",29.293583145121453
steve,ArchVariety,branch_or_arch_navigation,forward,26,False,False,150,-0.6472308253373972,,,,,False,False,5.287965826981235,"{'path_ratio': 0.4011719977720529, 'average_translation_speed': 16.666666666666668, 'trajectory_length': 342.1339518626919}",28.36629526511732
steve,ArchVariety,branch_or_arch_navigation,forward,27,False,False,150,-0.6329140592646244,,,,,False,False,7.101344563008752,"{'path_ratio': 0.42945282779859284, 'average_translation_speed': 14.333333333333334, 'trajectory_length': 267.7531853487162}",21.12276043910857
steve,ArchVariety,branch_or_arch_navigation,forward,28,False,False,150,-0.6556302943395302,,,,,False,False,5.946498640987556,"{'path_ratio': 0.4353705847437771, 'average_translation_speed': 12.833333333333334, 'trajectory_length': 260.6325587757701}",25.224927988058695
steve,ArchVariety,branch_or_arch_navigation,forward,29,False,False,150,-0.6137397874201049,,,,,False,False,4.788452074979432,"{'path_ratio': 0.53658090558739, 'average_translation_speed': 12.5, 'trajectory_length': 252.15717036184287}",31.3253631134325
steve,ArchVariety,branch_or_arch_navigation,sweep,0,False,False,150,-0.641291996465359,,,,,False,False,6.093779866001569,"{'path_ratio': 0.3724853823738945, 'average_translation_speed': 15.666666666666666, 'trajectory_length': 349.81578850862934}",24.6152639738236
steve,ArchVariety,branch_or_arch_navigation,sweep,1,False,False,150,-0.6423536841685668,,,,,False,False,5.894521340029314,"{'path_ratio': 0.3682129045712572, 'average_translation_speed': 15.166666666666666, 'trajectory_length': 339.3115095315952}",25.44735888584535
steve,ArchVariety,branch_or_arch_navigation,sweep,2,True,True,68,0.9119053710743724,,,,,False,False,2.152975024015177,"{'path_ratio': 0.9811011066855139, 'average_translation_speed': 25.0, 'trajectory_length': 260.07804775238037}",31.584202901334095
steve,ArchVariety,branch_or_arch_navigation,sweep,3,False,False,150,-0.5998775884370573,,,,,False,False,4.715013202978298,"{'path_ratio': 0.5354646477251532, 'average_translation_speed': 13.5, 'trajectory_length': 378.7303354747346}",31.81327252811309
steve,ArchVariety,branch_or_arch_navigation,sweep,4,False,False,150,-0.6379410523495385,,,,,False,False,5.059744297992438,"{'path_ratio': 0.374879020588031, 'average_translation_speed': 12.333333333333334, 'trajectory_length': 295.2674912753282}",29.645766893697715
steve,ArchVariety,branch_or_arch_navigation,sweep,5,False,False,150,-0.537255991544829,,,,,False,False,5.993423251027707,"{'path_ratio': 0.6662743139354841, 'average_translation_speed': 19.333333333333332, 'trajectory_length': 433.5957636623207}",25.027433190919584
steve,ArchVariety,branch_or_arch_navigation,sweep,6,True,True,80,0.8484776599135021,,,,,False,False,2.4475860990351066,"{'path_ratio': 0.9836524492897708, 'average_translation_speed': 25.0, 'trajectory_length': 281.1959633231163}",32.68526489488472
steve,ArchVariety,branch_or_arch_navigation,sweep,7,False,False,150,-0.6588953364569344,,,,,False,False,5.784703325014561,"{'path_ratio': 0.3227184343567052, 'average_translation_speed': 12.333333333333334, 'trajectory_length': 287.3245484266099}",25.930456857028606
steve,ArchVariety,branch_or_arch_navigation,sweep,8,False,False,150,-0.6214482550000913,,,,,False,False,5.000420224969275,"{'path_ratio': 0.5632156646865334, 'average_translation_speed': 14.666666666666666, 'trajectory_length': 380.00655377143994}",29.99747886207337
steve,ArchVariety,branch_or_arch_navigation,sweep,9,False,False,150,-0.6327212309415343,,,,,False,False,5.617332625028212,"{'path_ratio': 0.3947843254165273, 'average_translation_speed': 14.333333333333334, 'trajectory_length': 326.34226006695826}",26.70306531816721
steve,ArchVariety,branch_or_arch_navigation,sweep,10,False,False,150,-0.6246853685251783,,,,,False,False,4.837193257990293,"{'path_ratio': 0.47434800940976907, 'average_translation_speed': 18.5, 'trajectory_length': 457.4582666666247}",31.009718239440456
steve,ArchVariety,branch_or_arch_navigation,sweep,11,False,False,150,-0.6302089969066175,,,,,False,False,5.317198066972196,"{'path_ratio': 0.4552068614514858, 'average_translation_speed': 15.333333333333334, 'trajectory_length': 348.77646908136376}",28.210346522866207
steve,ArchVariety,branch_or_arch_navigation,sweep,12,True,True,73,0.8572554729907964,,,,,False,False,2.256438765965868,"{'path_ratio': 0.9870480439742103, 'average_translation_speed': 25.0, 'trajectory_length': 249.35593455284834}",32.351863964166725
steve,ArchVariety,branch_or_arch_navigation,sweep,13,False,False,150,-0.6191537428685049,,,,,False,False,5.939279349986464,"{'path_ratio': 0.35174337267434297, 'average_translation_speed': 15.833333333333334, 'trajectory_length': 354.22006363689434}",25.25558929979306
steve,ArchVariety,branch_or_arch_navigation,sweep,14,False,False,150,-0.6132350582673806,,,,,False,False,5.471740554959979,"{'path_ratio': 0.4022527852848147, 'average_translation_speed': 16.0, 'trajectory_length': 374.21250186773614}",27.413580467376
steve,ArchVariety,branch_or_arch_navigation,sweep,15,False,False,150,-0.6402382911479179,,,,,False,False,5.789066054974683,"{'path_ratio': 0.35162667337729125, 'average_translation_speed': 18.666666666666668, 'trajectory_length': 412.3723182947142}",25.91091526259256
steve,ArchVariety,branch_or_arch_navigation,sweep,16,False,False,150,-0.6837270723950342,,,,,False,False,5.640580512990709,"{'path_ratio': 0.30695559006352535, 'average_translation_speed': 15.833333333333334, 'trajectory_length': 355.0371329554109}",26.593007520154703
steve,ArchVariety,branch_or_arch_navigation,sweep,17,True,True,65,0.8870453456268022,,,,,False,False,1.739203980017919,"{'path_ratio': 0.981907536833735, 'average_translation_speed': 25.0, 'trajectory_length': 244.68938565254211}",37.37341953376297
steve,ArchVariety,branch_or_arch_navigation,sweep,18,False,False,150,-0.6746230087126545,,,,,False,False,5.906623506976757,"{'path_ratio': 0.3166980405573383, 'average_translation_speed': 15.333333333333334, 'trajectory_length': 331.7893108136486}",25.395219421522928
steve,ArchVariety,branch_or_arch_navigation,sweep,19,False,False,150,-0.5619593900042574,,,,,False,False,4.975410043029115,"{'path_ratio': 0.6385537461262853, 'average_translation_speed': 15.0, 'trajectory_length': 383.50397743989015}",30.148268927132975
steve,ArchVariety,branch_or_arch_navigation,sweep,20,False,False,150,-0.6519928669260362,,,,,False,False,5.676566901965998,"{'path_ratio': 0.400045746212805, 'average_translation_speed': 12.0, 'trajectory_length': 283.4721278513607}",26.424422118243623
steve,ArchVariety,branch_or_arch_navigation,sweep,21,False,False,150,-0.6548386019663193,,,,,False,False,5.876045030949172,"{'path_ratio': 0.38412149406879514, 'average_translation_speed': 13.833333333333334, 'trajectory_length': 308.01717426702817}",25.527374145356088
steve,ArchVariety,branch_or_arch_navigation,sweep,22,False,False,150,-0.6077167049906101,,,,,False,False,5.547278162965085,"{'path_ratio': 0.40403634178872183, 'average_translation_speed': 16.5, 'trajectory_length': 370.2277164477855}",27.040288154546634
steve,ArchVariety,branch_or_arch_navigation,sweep,23,False,False,150,-0.6000990958403961,,,,,False,False,4.669160520017613,"{'path_ratio': 0.6407570517444574, 'average_translation_speed': 15.166666666666666, 'trajectory_length': 400.2174091079796}",32.125689266179734
steve,ArchVariety,branch_or_arch_navigation,sweep,24,False,False,150,-0.6525784690061064,,,,,False,False,5.976194410992321,"{'path_ratio': 0.36651331225665873, 'average_translation_speed': 17.0, 'trajectory_length': 387.647114241292}",25.09958506773095
steve,ArchVariety,branch_or_arch_navigation,sweep,25,False,False,150,-0.6216794756137582,,,,,False,False,5.455721203994472,"{'path_ratio': 0.41277776287980017, 'average_translation_speed': 13.5, 'trajectory_length': 342.50604945933446}",27.494073540666943
steve,ArchVariety,branch_or_arch_navigation,sweep,26,False,False,150,-0.7188104758068572,,,,,False,False,6.241695785953198,"{'path_ratio': 0.12175210875441689, 'average_translation_speed': 19.666666666666668, 'trajectory_length': 413.69122952449106}",24.031930607315367
steve,ArchVariety,branch_or_arch_navigation,sweep,27,False,False,150,-0.48954950846146444,,,,,False,False,6.10312405397417,"{'path_ratio': 0.9552914670220821, 'average_translation_speed': 22.666666666666668, 'trajectory_length': 372.75478330475744}",24.57757677436108
steve,ArchVariety,branch_or_arch_navigation,sweep,28,False,False,150,-0.6557306749438795,,,,,False,False,5.920678946014959,"{'path_ratio': 0.434907483136046, 'average_translation_speed': 12.833333333333334, 'trajectory_length': 299.23500134193455}",25.334932254849036
steve,ArchVariety,branch_or_arch_navigation,sweep,29,False,False,150,-0.6657908593986467,,,,,False,False,6.245415827957913,"{'path_ratio': 0.3316082961203085, 'average_translation_speed': 10.166666666666666, 'trajectory_length': 239.68054831684094}",24.017616141509357
